{
	"name": {
		"translate": "sbcu.suitset.dreamreaper"
	},
	"armor_material": {
		"durability": 1000,
		"damage_reduction_amounts": [3, 6, 8, 3],
		"enchantibility": 15,
		"toughness": 0.0,
		"sound": "item.armor.equip_generic"
	},

    "creative_tab": "sbcu-villains",
	"description": {
		"translate": "sbcu.suitset.dreamreaper.desc"
	},

	"abilities": [{
			"ability": "lucraftcore:fire_resistance"
		},
		{
			"ability": "lucraftcore:healing",
			"frequency": 20,
			"amount": 5
		},
		{
            "ability": "speedsterheroes:suit_ring"
        }
    ],

	"armor_parts": {

		"head": {
			"openable": true,
			"glow": false,
			"armor_model_scale": 0.5,
			"name": {
				"translate": "sbcu.suitset.dreamreaper.head"
			},
			"textures": {
				"normal": "sbcu:textures/models/armor/dreamreaper/head.png",
				"normal_open": "sbcu:textures/models/armor/dreamreaper/head_open.png"
			},
			"item_texture": {
				"blockstate": "sbcu:dreamreaper"
			}
		},

		"chest": {
			"openable": false,
			"glow": false,
			"armor_model_scale": 0.22,
			"name": {
				"translate": "sbcu.suitset.dreamreaper.chest"
			},
			"textures": {
				"normal": "sbcu:textures/models/armor/dreamreaper/chest.png",
				"normal_open": "sbcu:textures/models/armor/dreamreaper/chest_open.png",
				"normal_smallarms": "sbcu:textures/models/armor/dreamreaper/chest_smallarms.png",
				"normal_smallarms_open": "sbcu:textures/models/armor/dreamreaper/chest_smallarms_open.png"
			},
			"item_texture": {
				"blockstate": "sbcu:dreamreaper"
			}
		},

		"legs": {
			"openable": false,
			"glow": false,
			"armor_model_scale": 0.25,
			"name": {
				"translate": "sbcu.suitset.dreamreaper.legs"
			},
			"textures": {
				"normal": "sbcu:textures/models/armor/dreamreaper/legs.png"

			},
			"item_texture": {
				"blockstate": "sbcu:dreamreaper"
			}
		},

		"feet": {
			"openable": false,
			"glow": false,
			"armor_model_scale": 0.22,
			"name": {
				"translate": "sbcu.suitset.dreamreaper.boots"
			},
			"textures": {
				"normal": "sbcu:textures/models/armor/dreamreaper/boots.png"

			},
			"item_texture": {
				"blockstate": "sbcu:dreamreaper"
			}
		}
	}
}