{
	"name": {
		"translate": "sbcu.suitset.speedninjay"
	},
	"armor_material": {
		"durability": 1000,
		"damage_reduction_amounts": [3, 6, 8, 3],
		"enchantibility": 15,
		"toughness": 0.0,
		"sound": "item.armor.equip_generic"
	},

	"data": {
		"trail": {
			"red": 1,
			"green": 1,
			"blue": 0
		},
		"flicker": {
			"red": 1,
			"green": 1,
			"blue": 0
		},
		"speed_levels": 25
	},
    "creative_tab": "sbcu-heroes",
	"description": {
		"translate": "sbcu.suitset.speedninjay.desc"
	},

	"abilities": [{
			"ability": "lucraftcore:fire_resistance"
		},
		{
			"ability": "lucraftcore:healing",
			"frequency": 20,
			"amount": 5
		},
		{
            "ability": "speedsterheroes:suit_ring"
        },
        {
			"ability": "speedsterheroes:phasing",
			"cooldown": 0,
			"required_superpower": "speedsterheroes:speedforce",
			"required_level": 3
		},
		{
			"ability": "speedsterheroes:dimension_breach",
			"cooldown": 0,
			"required_superpower": "speedsterheroes:speedforce",
			"required_level": 10
		},
        {
			"ability": "speedsterheroes:wall_running",
			"speed": 40,
            "required_superpower": "speedsterheroes:speedforce",
			"required_level": 3
		},
        {
			"ability": "speedsterheroes:water_running",
			"speed": 30,
            "required_superpower": "speedsterheroes:speedforce",
			"required_level": 2
		}

	],

	"armor_parts": {

		"head": {
			"openable": true,
			"glow": false,
			"armor_model_scale": 0.5,
			"name": {
				"translate": "sbcu.suitset.speedninjay.head"
			},
			"textures": {
				"normal": "sbcu:textures/models/armor/speedninjay/head.png",
				"normal_open": "sbcu:textures/models/armor/speedninjay/head_open.png"
			},
			"item_texture": {
				"blockstate": "sbcu:speedninjay"
			}
		},

		"chest": {
			"openable": false,
			"glow": false,
			"armor_model_scale": 0.22,
			"name": {
				"translate": "sbcu.suitset.speedninjay.chest"
			},
			"textures": {
				"normal": "sbcu:textures/models/armor/speedninjay/chest.png",
				"normal_open": "sbcu:textures/models/armor/speedninjay/chest_open.png",
				"normal_smallarms": "sbcu:textures/models/armor/speedninjay/chest_smallarms.png",
				"normal_smallarms_open": "sbcu:textures/models/armor/speedninjay/chest_smallarms_open.png"
			},
			"item_texture": {
				"blockstate": "sbcu:speedninjay"
			}
		},

		"legs": {
			"openable": false,
			"glow": false,
			"armor_model_scale": 0.25,
			"name": {
				"translate": "sbcu.suitset.speedninjay.legs"
			},
			"textures": {
				"normal": "sbcu:textures/models/armor/speedninjaylegs.png"

			},
			"item_texture": {
				"blockstate": "sbcu:speedninjay"
			}
		},

		"feet": {
			"openable": false,
			"glow": false,
			"armor_model_scale": 0.22,
			"name": {
				"translate": "sbcu.suitset.speedninjay.boots"
			},
			"textures": {
				"normal": "sbcu:textures/models/armor/speedninjay/boots.png"

			},
			"item_texture": {
				"blockstate": "sbcu:speedninjay"
			}
		}
	}
}