{
	"name": {
		"translate": "sbcu.suitset.speedninjar"
	},
	"armor_material": {
		"durability": 1000,
		"damage_reduction_amounts": [3, 6, 8, 3],
		"enchantibility": 15,
		"toughness": 0.0,
		"sound": "item.armor.equip_generic"
	},

	"data": {
		"trail": {
			"red": 1,
			"green": 0,
			"blue": 0
		},
		"flicker": {
			"red": 1,
			"green": 0,
			"blue": 0
		},
		"speed_levels": 25
	},
    "creative_tab": "sbcu-heroes",
	"description": {
		"translate": "sbcu.suitset.speedninjar.desc"
	},

	"abilities": [{
			"ability": "lucraftcore:fire_resistance"
		},
		{
			"ability": "lucraftcore:healing",
			"frequency": 20,
			"amount": 5
		},
		{
            "ability": "speedsterheroes:suit_ring"
        },
		{
			"ability": "speedsterheroes:lightning_throw",
			"speed": 50,
			"cooldown": 100,
			"required_superpower": "speedsterheroes:speedforce",
			"required_level": 3
		},
        {
			"ability": "speedsterheroes:wall_running",
			"speed": 40,
            "required_superpower": "speedsterheroes:speedforce",
			"required_level": 2
		},
        {
			"ability": "speedsterheroes:water_running",
			"speed": 30,
            "required_superpower": "speedsterheroes:speedforce",
			"required_level": 3
		},
        {
            "ability": "heroesexpansion:kinetic_energy_absorption",
            "max_energy": 100,
            "color": [1, 0, 0],
            "required_level": 7
        }
      ],

	"armor_parts": {

		"head": {
			"openable": true,
			"glow": false,
			"armor_model_scale": 0.5,
			"name": {
				"translate": "sbcu.suitset.speedninjar.head"
			},
			"textures": {
				"normal": "sbcu:textures/models/armor/speedninjar/head.png",
				"normal_open": "sbcu:textures/models/armor/speedninjar/head_open.png"
			},
			"item_texture": {
				"blockstate": "sbcu:speedninjar"
			}
		},

		"chest": {
			"openable": false,
			"glow": false,
			"armor_model_scale": 0.22,
			"name": {
				"translate": "sbcu.suitset.speedninjar.chest"
			},
			"textures": {
				"normal": "sbcu:textures/models/armor/speedninjar/chest.png",
				"normal_open": "sbcu:textures/models/armor/speedninjar/chest_open.png",
				"normal_smallarms": "sbcu:textures/models/armor/speedninjar/chest_smallarms.png",
				"normal_smallarms_open": "sbcu:textures/models/armor/speedninjar/chest_smallarms_open.png"
			},
			"item_texture": {
				"blockstate": "sbcu:speedninjar"
			}
		},

		"legs": {
			"openable": false,
			"glow": false,
			"armor_model_scale": 0.25,
			"name": {
				"translate": "sbcu.suitset.speedninjar.legs"
			},
			"textures": {
				"normal": "sbcu:textures/models/armor/speedninjar/legs.png"

			},
			"item_texture": {
				"blockstate": "sbcu:speedninjar"
			}
		},

		"feet": {
			"openable": false,
			"glow": false,
			"armor_model_scale": 0.22,
			"name": {
				"translate": "sbcu.suitset.speedninjar.boots"
			},
			"textures": {
				"normal": "sbcu:textures/models/armor/speedninjar/boots.png"

			},
			"item_texture": {
				"blockstate": "sbcu:speedninjar"
			}
		}
	}
}